[
  {
    "id": "a8ae65ee-15b5-4066-aefa-087eb4564099",
    "data": [
      {
        "text": "chega",
        "userDefined": false
      }
    ],
    "isTemplate": false,
    "count": 0
  },
  {
    "id": "db084fe8-e654-4589-a189-6c47a836c107",
    "data": [
      {
        "text": "sai",
        "userDefined": false
      }
    ],
    "isTemplate": false,
    "count": 0
  },
  {
    "id": "ba83c97d-485c-449d-96b2-0b265cd1de47",
    "data": [
      {
        "text": "saia",
        "userDefined": false
      }
    ],
    "isTemplate": false,
    "count": 0
  },
  {
    "id": "da23f14f-c88f-4433-b0d8-4a7fdb08d0cb",
    "data": [
      {
        "text": "cancela",
        "userDefined": false
      }
    ],
    "isTemplate": false,
    "count": 0
  },
  {
    "id": "afec4b73-4132-40a8-a708-2e2aeb79d95c",
    "data": [
      {
        "text": "até a próxima",
        "userDefined": false
      }
    ],
    "isTemplate": false,
    "count": 0
  },
  {
    "id": "bac61f86-59ee-4974-8bd2-5f613d727840",
    "data": [
      {
        "text": "sair",
        "userDefined": false
      }
    ],
    "isTemplate": false,
    "count": 0
  },
  {
    "id": "282f489c-9412-4721-a282-ef3fc9c23df4",
    "data": [
      {
        "text": "tchau",
        "userDefined": false
      }
    ],
    "isTemplate": false,
    "count": 0
  },
  {
    "id": "fbd9999c-1da9-4d4b-af99-216184780e45",
    "data": [
      {
        "text": "não obrigado",
        "userDefined": false
      }
    ],
    "isTemplate": false,
    "count": 0
  },
  {
    "id": "8d18afb2-e333-4659-aa74-1a86b672a49c",
    "data": [
      {
        "text": "não",
        "userDefined": false
      }
    ],
    "isTemplate": false,
    "count": 0
  }
]