[
  {
    "id": "80e528f7-d4fc-4b9b-82d0-9a0d283c6465",
    "data": [
      {
        "text": "Tenho quantas faltas em ",
        "userDefined": false
      },
      {
        "text": "Estágio",
        "alias": "disciplina",
        "meta": "@disciplinas",
        "userDefined": false
      },
      {
        "text": "?",
        "userDefined": false
      }
    ],
    "isTemplate": false,
    "count": 0
  },
  {
    "id": "4b94918a-55c8-4e4c-ade6-420230218b03",
    "data": [
      {
        "text": "Quantas faltas eu tenho em ",
        "userDefined": false
      },
      {
        "text": "Estágio",
        "alias": "disciplina",
        "meta": "@disciplinas",
        "userDefined": false
      },
      {
        "text": "?",
        "userDefined": false
      }
    ],
    "isTemplate": false,
    "count": 0
  },
  {
    "id": "cab57f68-d7ed-4cad-b4e2-b98518edcf50",
    "data": [
      {
        "text": "Faltas",
        "userDefined": false
      }
    ],
    "isTemplate": false,
    "count": 0
  },
  {
    "id": "19960b66-a4c5-47e9-b449-23a6d6401cf5",
    "data": [
      {
        "text": "Qual meu número de faltas em ",
        "userDefined": false
      },
      {
        "text": "Estágio",
        "alias": "disciplina",
        "meta": "@disciplinas",
        "userDefined": false
      }
    ],
    "isTemplate": false,
    "count": 0
  },
  {
    "id": "25c19ee9-54aa-4fdb-b81a-e15444ad43c3",
    "data": [
      {
        "text": "Quantas faltas",
        "userDefined": false
      }
    ],
    "isTemplate": false,
    "count": 0
  }
]