[
  {
    "id": "7cdcde68-dfb5-4f5c-8c7a-fb45cbbc01ce",
    "data": [
      {
        "text": "quer pegar o exercício",
        "userDefined": false
      }
    ],
    "isTemplate": false,
    "count": 0
  },
  {
    "id": "1c8da5a0-346a-4bdc-9211-07c3d33a7076",
    "data": [
      {
        "text": "quero baixar o exercício",
        "userDefined": false
      }
    ],
    "isTemplate": false,
    "count": 0
  },
  {
    "id": "9709cae5-615b-4bf1-8193-f3de5bc7c83a",
    "data": [
      {
        "text": "quero baixar a apostila",
        "userDefined": false
      }
    ],
    "isTemplate": false,
    "count": 0
  },
  {
    "id": "edbc529f-99af-4d89-932c-0049020f79bf",
    "data": [
      {
        "text": "entregar trabalho",
        "userDefined": false
      }
    ],
    "isTemplate": false,
    "count": 0
  },
  {
    "id": "37bbbffa-de62-4172-ac6c-20ffa0827c7a",
    "data": [
      {
        "text": "material didático",
        "userDefined": false
      }
    ],
    "isTemplate": false,
    "count": 0
  },
  {
    "id": "a8d134ad-f0ca-4671-90aa-a890277051c1",
    "data": [
      {
        "text": "mensagem para o professor",
        "userDefined": false
      }
    ],
    "isTemplate": false,
    "count": 0
  },
  {
    "id": "ab2da3fd-b712-4733-9b7c-346e06f893d8",
    "data": [
      {
        "text": "troca de mensagens",
        "userDefined": false
      }
    ],
    "isTemplate": false,
    "count": 0
  },
  {
    "id": "41b94189-8ab6-4883-b5e9-8de64b1c08f6",
    "data": [
      {
        "text": "Quero material didático",
        "userDefined": false
      }
    ],
    "isTemplate": false,
    "count": 0
  },
  {
    "id": "ae2aa386-a292-4408-8699-6b8069134936",
    "data": [
      {
        "text": "Quero entregar ",
        "userDefined": false
      },
      {
        "text": "um",
        "meta": "@sys.ignore",
        "userDefined": false
      },
      {
        "text": " trabalho",
        "userDefined": false
      }
    ],
    "isTemplate": false,
    "count": 0
  }
]