[
  {
    "id": "9d25ad1b-c798-41d0-810c-fa1090d04ab7",
    "data": [
      {
        "text": "quero saber de ",
        "userDefined": false
      },
      {
        "text": "TCC",
        "alias": "disciplina",
        "meta": "@disciplinas",
        "userDefined": false
      }
    ],
    "isTemplate": false,
    "count": 0
  },
  {
    "id": "36550b0e-c8f3-41d8-a508-e9acbdfe13f7",
    "data": [
      {
        "text": "de ",
        "userDefined": false
      },
      {
        "text": "TCC",
        "alias": "disciplina",
        "meta": "@disciplinas",
        "userDefined": false
      }
    ],
    "isTemplate": false,
    "count": 0
  },
  {
    "id": "0418a98c-4e20-4622-bdb3-4a2423c8e2be",
    "data": [
      {
        "text": "estou falando de ",
        "userDefined": false
      },
      {
        "text": "TCC",
        "alias": "disciplina",
        "meta": "@disciplinas",
        "userDefined": false
      }
    ],
    "isTemplate": false,
    "count": 0
  },
  {
    "id": "66013f5c-fcd5-4e41-a418-2988361371a2",
    "data": [
      {
        "text": "da disciplina ",
        "userDefined": false
      },
      {
        "text": "TCC",
        "alias": "disciplina",
        "meta": "@disciplinas",
        "userDefined": false
      }
    ],
    "isTemplate": false,
    "count": 0
  },
  {
    "id": "1bad90ab-c024-4906-b261-26929be75037",
    "data": [
      {
        "text": "da matéria ",
        "userDefined": false
      },
      {
        "text": "TCC",
        "alias": "disciplina",
        "meta": "@disciplinas",
        "userDefined": false
      }
    ],
    "isTemplate": false,
    "count": 0
  },
  {
    "id": "e6399bd2-74f6-4e1a-ae43-d47ca6000efa",
    "data": [
      {
        "text": "TCC",
        "alias": "disciplina",
        "meta": "@disciplinas",
        "userDefined": false
      }
    ],
    "isTemplate": false,
    "count": 0
  }
]