[
  {
    "id": "1efa4995-43e5-4c93-9405-5f4708d59b34",
    "data": [
      {
        "text": "não é esta",
        "userDefined": false
      }
    ],
    "isTemplate": false,
    "count": 0
  },
  {
    "id": "cc105cae-b427-4e34-93f8-257d46bf8707",
    "data": [
      {
        "text": "não é isto",
        "userDefined": false
      }
    ],
    "isTemplate": false,
    "count": 0
  },
  {
    "id": "2ff4368e-0bc2-4f46-be5a-3c6d9ad41d7b",
    "data": [
      {
        "text": "nope",
        "meta": "@sys.ignore",
        "userDefined": false
      }
    ],
    "isTemplate": false,
    "count": 0
  },
  {
    "id": "28f57afd-ba2e-4834-b37f-28f3440a9bb8",
    "data": [
      {
        "text": "tá errado",
        "userDefined": false
      }
    ],
    "isTemplate": false,
    "count": 0
  },
  {
    "id": "25134450-ec83-4b31-ac96-e137514ea1ba",
    "data": [
      {
        "text": "não",
        "userDefined": false
      }
    ],
    "isTemplate": false,
    "count": 0
  }
]