[
  {
    "id": "ac408491-5c88-4d69-b247-135740f0ad8d",
    "data": [
      {
        "text": "258500",
        "alias": "matricula",
        "meta": "@sys.number-sequence",
        "userDefined": false
      }
    ],
    "isTemplate": false,
    "count": 0
  },
  {
    "id": "023f1865-f864-4b02-aa6f-1fab79249960",
    "data": [
      {
        "text": "Meu número de aluno é ",
        "userDefined": false
      },
      {
        "text": "258500",
        "alias": "matricula",
        "meta": "@sys.number-sequence",
        "userDefined": false
      }
    ],
    "isTemplate": false,
    "count": 0
  },
  {
    "id": "dba347b8-6c96-48e1-ab5a-050a6da6acb1",
    "data": [
      {
        "text": "O número da minha matrícula é ",
        "userDefined": false
      },
      {
        "text": "258500",
        "alias": "matricula",
        "meta": "@sys.number-sequence",
        "userDefined": false
      }
    ],
    "isTemplate": false,
    "count": 0
  },
  {
    "id": "ef1d6431-6bc4-4017-a483-21323d8fb1b7",
    "data": [
      {
        "text": "Minha matrícula é ",
        "userDefined": false
      },
      {
        "text": "258500",
        "alias": "matricula",
        "meta": "@sys.number-sequence",
        "userDefined": false
      }
    ],
    "isTemplate": false,
    "count": 0
  },
  {
    "id": "97f868f1-dfbb-4d5d-841c-3084bf8a9050",
    "data": [
      {
        "text": "A matrícula é ",
        "userDefined": false
      },
      {
        "text": "258500",
        "alias": "matricula",
        "meta": "@sys.number-sequence",
        "userDefined": false
      }
    ],
    "isTemplate": false,
    "count": 0
  }
]