[
  {
    "id": "45c5a435-808f-4951-897d-8bedb61e4fab",
    "data": [
      {
        "text": "certo",
        "userDefined": false
      }
    ],
    "isTemplate": false,
    "count": 0
  },
  {
    "id": "8ec2157b-10a1-4ad9-9008-83988780e2cb",
    "data": [
      {
        "text": "isto mesmo",
        "userDefined": false
      }
    ],
    "isTemplate": false,
    "count": 0
  },
  {
    "id": "796464cd-6efe-48f9-8f04-d66eb717747a",
    "data": [
      {
        "text": "correto",
        "userDefined": false
      }
    ],
    "isTemplate": false,
    "count": 0
  },
  {
    "id": "484172aa-b8a7-48e5-8ba2-021e6d17d1a3",
    "data": [
      {
        "text": "sim",
        "userDefined": false
      }
    ],
    "isTemplate": false,
    "count": 0
  }
]