[
  {
    "id": "f9b29afb-e4d2-47d5-9d20-073c9fb1737f",
    "data": [
      {
        "text": "Qual o período de aula ",
        "userDefined": false
      },
      {
        "text": "deste semestre",
        "meta": "@sys.ignore",
        "userDefined": false
      }
    ],
    "isTemplate": false,
    "count": 0
  },
  {
    "id": "8e232ccf-8316-43c3-980e-fce9260e0fd9",
    "data": [
      {
        "text": "Qual o calendário do semestre",
        "userDefined": false
      }
    ],
    "isTemplate": false,
    "count": 0
  },
  {
    "id": "270f96f0-98a9-4b92-9127-c2996fea0617",
    "data": [
      {
        "text": "Quando as aulas terminam",
        "userDefined": false
      }
    ],
    "isTemplate": false,
    "count": 0
  },
  {
    "id": "3105a9a2-19e2-4fed-8a35-f7a21ddcefd1",
    "data": [
      {
        "text": "calendário",
        "userDefined": false
      }
    ],
    "isTemplate": false,
    "count": 1
  },
  {
    "id": "59306ca6-9e58-4e99-9b72-523f861f151a",
    "data": [
      {
        "text": "Quando as aulas começam",
        "userDefined": false
      }
    ],
    "isTemplate": false,
    "count": 0
  }
]