[
  {
    "id": "f12a3e33-3c8e-4498-9cf9-58c970b2de12",
    "data": [
      {
        "text": "Tem aula ",
        "userDefined": false
      },
      {
        "text": "hoje",
        "alias": "dia",
        "meta": "@sys.date-time",
        "userDefined": false
      }
    ],
    "isTemplate": false,
    "count": 0
  },
  {
    "id": "9e74fbff-88f3-4641-9f8f-fb8e773729c3",
    "data": [
      {
        "text": "Amanhã",
        "alias": "dia",
        "meta": "@sys.date-time",
        "userDefined": false
      },
      {
        "text": " vai estar aberto",
        "userDefined": false
      }
    ],
    "isTemplate": false,
    "count": 0
  },
  {
    "id": "e4f1681e-aa7a-4781-93ce-7ab1cb4647f1",
    "data": [
      {
        "text": "Hoje",
        "alias": "dia",
        "meta": "@sys.date-time",
        "userDefined": false
      },
      {
        "text": " funciona normalmente",
        "userDefined": false
      }
    ],
    "isTemplate": false,
    "count": 0
  }
]