[
  {
    "id": "b89704b9-b814-44dc-a611-2e8ed1c455de",
    "data": [
      {
        "text": "Ajuda",
        "meta": "@sys.ignore",
        "userDefined": false
      }
    ],
    "isTemplate": false,
    "count": 0
  },
  {
    "id": "b522ed95-20aa-4b57-a62f-9d24ae2b40a4",
    "data": [
      {
        "text": "Como isto aqui funciona",
        "userDefined": false
      }
    ],
    "isTemplate": false,
    "count": 0
  },
  {
    "id": "b021cc8f-30f0-400e-af3a-92c0b6645a97",
    "data": [
      {
        "text": "O que que eu tenho que falar?",
        "userDefined": false
      }
    ],
    "isTemplate": false,
    "count": 0
  },
  {
    "id": "9e067582-71ec-4292-b9a1-d4794d2a0898",
    "data": [
      {
        "text": "Não sei o que fazer",
        "userDefined": false
      }
    ],
    "isTemplate": false,
    "count": 0
  },
  {
    "id": "0cbe97de-24fe-4c49-ba31-fb2a5d341c5c",
    "data": [
      {
        "text": "Me ajude",
        "userDefined": false
      }
    ],
    "isTemplate": false,
    "count": 1
  },
  {
    "id": "adf4fe8d-1db1-434c-9928-657aa792b532",
    "data": [
      {
        "text": "Help",
        "userDefined": false
      }
    ],
    "isTemplate": false,
    "count": 1
  },
  {
    "id": "216e1305-32b5-495e-ace8-2e4fb3a633b0",
    "data": [
      {
        "text": "Não sei o que perguntar",
        "userDefined": false
      }
    ],
    "isTemplate": false,
    "count": 1
  },
  {
    "id": "e32d5fbe-4c04-4c7e-86ae-2ce405473a18",
    "data": [
      {
        "text": "O que perguntar",
        "userDefined": false
      }
    ],
    "isTemplate": false,
    "count": 0
  },
  {
    "id": "7dd00034-6e29-4df6-9674-7be5026f9ebd",
    "data": [
      {
        "text": "Não sei o que falar",
        "userDefined": false
      }
    ],
    "isTemplate": false,
    "count": 0
  },
  {
    "id": "bd3d0c35-1fde-41c8-a2b4-3559a29e23ee",
    "data": [
      {
        "text": "o que você faz",
        "userDefined": false
      }
    ],
    "isTemplate": false,
    "count": 0
  },
  {
    "id": "f9834c9c-4a02-42d6-b655-aa95326f80cf",
    "data": [
      {
        "text": "o que você pode fazer",
        "userDefined": false
      }
    ],
    "isTemplate": false,
    "count": 0
  },
  {
    "id": "914f7615-3ecc-4b80-a01d-ee4e002cc0b2",
    "data": [
      {
        "text": "Como funciona",
        "userDefined": false
      }
    ],
    "isTemplate": false,
    "count": 0
  }
]