[
  {
    "id": "2f0bdb01-fec0-451a-879d-3b9a0a92a710",
    "data": [
      {
        "text": "qual meu horário?",
        "userDefined": false
      }
    ],
    "isTemplate": false,
    "count": 0,
    "updated": 0
  },
  {
    "id": "dff27bc6-f91c-4658-9265-2ae5bfe701ae",
    "data": [
      {
        "text": "Qual meu horário de ",
        "userDefined": false
      },
      {
        "text": "hoje",
        "alias": "dia",
        "meta": "@sys.date-time",
        "userDefined": false
      }
    ],
    "isTemplate": false,
    "count": 0
  },
  {
    "id": "bb2285c0-da1c-4816-8178-ba430695226e",
    "data": [
      {
        "text": "Quais aulas tenho ",
        "userDefined": false
      },
      {
        "text": "amanhã",
        "alias": "dia",
        "meta": "@sys.date-time",
        "userDefined": false
      }
    ],
    "isTemplate": false,
    "count": 0
  },
  {
    "id": "76762735-c25d-4cdf-be0b-4df8751f6c4d",
    "data": [
      {
        "text": "Quais minhas aulas de ",
        "userDefined": false
      },
      {
        "text": "sábado",
        "alias": "dia",
        "meta": "@sys.date-time",
        "userDefined": false
      }
    ],
    "isTemplate": false,
    "count": 0
  },
  {
    "id": "20ac4aaf-ddaa-43af-b280-b000cb6f69f6",
    "data": [
      {
        "text": "Quais matérias eu faço na ",
        "userDefined": false
      },
      {
        "text": "sexta-feira",
        "alias": "dia",
        "meta": "@sys.date-time",
        "userDefined": false
      }
    ],
    "isTemplate": false,
    "count": 0
  }
]