[
  {
    "id": "f52a3b60-f8c4-4be9-8f4c-83e285112d71",
    "data": [
      {
        "text": "ver notas",
        "userDefined": false
      }
    ],
    "isTemplate": false,
    "count": 0
  },
  {
    "id": "9fd6b414-c28f-47b2-a19b-e7e29188c7e4",
    "data": [
      {
        "text": "Quanto tenho em ",
        "userDefined": false
      },
      {
        "text": "Fundamentos de Testes",
        "alias": "disciplina",
        "meta": "@disciplinas",
        "userDefined": false
      }
    ],
    "isTemplate": false,
    "count": 0
  },
  {
    "id": "2bae227b-a2ea-42a9-9291-32d1fdd05bb5",
    "data": [
      {
        "text": "Qual  é minha nota em ",
        "userDefined": false
      },
      {
        "text": "Fundamentos de Testes",
        "alias": "disciplina",
        "meta": "@disciplinas",
        "userDefined": false
      }
    ],
    "isTemplate": false,
    "count": 0
  },
  {
    "id": "32d6f236-44cb-4d24-976b-8576bcf7483e",
    "data": [
      {
        "text": "Quero saber minha nota em ",
        "userDefined": false
      },
      {
        "text": "Fundamentos de Testes",
        "alias": "disciplina",
        "meta": "@disciplinas",
        "userDefined": true
      }
    ],
    "isTemplate": false,
    "count": 0
  },
  {
    "id": "0d2b5a95-5c0f-467f-b704-d9c030ee11c9",
    "data": [
      {
        "text": "Qual a minha nota na matéria ",
        "userDefined": false
      },
      {
        "text": "Fundamentos de Testes",
        "alias": "disciplina",
        "meta": "@disciplinas",
        "userDefined": false
      },
      {
        "text": "?",
        "userDefined": false
      }
    ],
    "isTemplate": false,
    "count": 0
  }
]