[
  {
    "value": "8907.1.00",
    "synonyms": [
      "EMPTI",
      "Empreendedorismo em Tecnologia da Informação",
      "Empreendedorismo em TI",
      "Empreendedorismo"
    ]
  },
  {
    "value": "0408.1.00",
    "synonyms": [
      "LD",
      "Logística",
      "Logística de Distribuição"
    ]
  },
  {
    "value": "4551.1.01",
    "synonyms": [
      "Estagio",
      "Estágio"
    ]
  },
  {
    "value": "1050.1.00",
    "synonyms": [
      "GVDC",
      "Gestão",
      "Gestão de Vendas",
      "Gestão de Vendas Distribuição e Comunicação"
    ]
  },
  {
    "value": "03636.1.00",
    "synonyms": [
      "PE",
      "Práticas Empresariais",
      "Práticas"
    ]
  },
  {
    "value": "0515.1.01",
    "synonyms": [
      "TCC",
      "TCC 2",
      "Trabalho de conclusão de curso",
      "Trabalho de conclusão de curso 2",
      "TCC2"
    ]
  },
  {
    "value": "0509.1.00",
    "synonyms": [
      "SIGE",
      "Sistemas Integrados de Gestão Empresarial",
      "Sistemas Integrados",
      "Gestão Empresarial"
    ]
  },
  {
    "value": "1053.1.00",
    "synonyms": [
      "RT",
      "Relações de Trabalho",
      "Relações"
    ]
  },
  {
    "value": "1055.1.00",
    "synonyms": [
      "SFN",
      "Sistema",
      "Sistema Financeiro",
      "Sistema Financeiro Nacional"
    ]
  },
  {
    "value": "1052.1.00",
    "synonyms": [
      "MQ",
      "Métodos",
      "Métodos Quantitativos",
      "Métodos Quantitativos Aplicados"
    ]
  },
  {
    "value": "9998.9.99",
    "synonyms": [
      "Teste",
      "Matéria de Teste"
    ]
  }
]